place_name,공원,관광명소,교통,쇼핑,숙소,술집,음식점,주차시설,카페,화장실,review
경복궁,24,43,59,237,237,222,285,238,237,115,8744
해동 용궁사,1,1,22,240,84,7,176,4,75,0,6667
불국사,3,3,20,188,210,9,244,5,73,3,5750
경주 불국사 ,3,2,20,188,210,12,244,3,73,3,5744
경주 첨성대,3,5,20,237,187,76,285,44,237,0,5517
경주 동궁과 월지,2,4,20,238,116,55,267,33,201,3,5402
한국민속촌,22,3,23,240,18,58,285,8,203,2,5261
북촌한옥마을,16,43,60,237,237,226,285,237,237,95,4488
덕수궁,28,36,60,237,236,224,285,236,237,158,4478
창경궁,20,34,60,237,237,224,285,237,237,145,4331
낙산사,0,1,10,83,173,4,126,1,25,8,4280
태종대,3,2,0,207,6,17,205,3,44,3,3791
통도사,2,2,20,26,14,6,57,0,18,5,3777
오죽헌,0,3,23,240,28,81,285,4,130,0,3165
전주전동성당,6,6,20,238,236,163,285,44,237,13,3092
여수 향일암,0,3,6,21,17,0,15,2,7,1,2785
봉은사,15,8,58,237,93,220,285,211,237,63,2640
광화문,42,48,60,240,237,222,285,237,237,218,2505
안동 하회마을 ,1,3,8,19,30,0,24,0,5,6,2503
보리암,0,1,4,2,2,0,3,0,1,1,2451
만어사,0,0,36,2,2,0,2,0,0,0,2391
광한루원,2,2,0,240,47,35,285,5,141,14,2364
부석사,0,2,28,12,12,0,10,2,4,2,2290
수원 화성,62,7,20,237,237,220,285,64,237,68,2157
삼성궁,0,0,5,3,12,0,16,1,1,1,2079
판문점,32,41,52,237,236,221,285,236,237,161,2078
순천 낙안읍성,0,2,52,14,50,1,32,0,5,8,2078
공주 공산성 ,8,4,0,238,66,99,285,33,196,22,2065
진주성,13,5,20,240,180,205,285,57,237,6,1978
해인사,0,1,0,19,24,0,31,0,4,8,1944
전등사,1,1,20,101,12,6,88,3,30,3,1913
월정사,0,1,0,3,6,0,16,0,3,0,1898
마곡사,0,2,20,12,25,1,33,0,4,3,1852
화엄사,0,2,4,2,8,3,17,0,5,2,1800
국립서울현충원,21,1,28,240,18,226,285,56,237,58,1788
선암사,0,4,14,10,16,0,14,0,4,4,1770
선암사,0,4,14,10,16,0,14,0,4,4,1760
아산 공세리성당,0,0,11,40,2,2,31,0,4,0,1750
서울 명동성당,28,36,2,237,237,221,285,237,237,178,1734
소쇄원,0,2,20,14,6,0,31,2,14,3,1720
휴휴암,1,2,0,17,66,8,29,0,21,2,1707
군산 신흥동 일본식가옥,9,5,20,240,73,73,285,34,201,3,1702
개심사,0,1,13,2,5,0,12,0,0,1,1696
보문사,0,1,19,14,21,0,31,0,5,1,1677
수덕사,0,1,20,21,5,0,49,1,7,3,1652
조계사,27,43,60,237,236,225,285,237,237,152,1629
현충사,0,0,20,46,1,1,31,1,5,5,1626
직지사,0,2,14,22,11,0,41,3,12,1,1532
여주신륵사,2,3,20,228,23,7,133,3,39,9,1531
경주 문무대왕릉,1,0,14,12,14,0,57,0,3,1,1523
강릉 경포대,1,5,11,80,233,8,143,8,55,0,1513
용문사,0,9,0,42,75,3,63,0,30,21,1502
브라운핸즈백제,3,7,23,222,179,181,285,177,222,3,1478
종묘 ,23,43,60,237,236,226,285,237,237,169,1463
범어사,2,1,24,64,0,3,63,3,24,1,1461
항파두리 항몽 유적,0,0,2,0,0,0,0,0,0,0,1450
동학사,1,3,12,74,98,2,154,1,60,5,1318
제주민속촌,1,3,0,92,50,24,173,5,42,5,1310
법주사,0,1,0,43,53,3,74,0,11,3,1293
보은 법주사,0,1,0,46,57,3,78,0,12,3,1293
청령포,5,1,20,90,11,6,74,5,18,5,1274
고창읍성,4,1,10,240,18,26,267,16,53,7,1259
최참판댁,1,0,3,33,5,1,15,0,7,3,1238
운현궁,21,43,60,237,237,228,285,237,237,150,1205
청와대사랑채,24,36,0,237,237,228,285,192,237,89,1190
쌍계사,0,6,28,36,90,2,68,6,46,6,1127
하동 쌍계사,0,3,0,19,50,1,34,3,25,3,1127
숭례문,21,20,60,237,236,217,285,239,237,103,1126
진천 농다리,0,1,20,5,1,0,6,0,1,2,1122
서울 경교장,30,36,20,238,236,133,285,239,237,0,1116
제주 약천사,2,3,0,85,51,1,76,0,18,3,1116
오대산월정사전나무숲길,0,1,14,3,14,0,18,0,3,0,1110
불갑사(불교),0,0,14,0,0,0,0,0,0,0,1108
오목대와 이목대,10,6,2,238,237,175,285,44,237,14,1104
무섬마을,0,1,1,1,18,0,0,0,2,1,1081
삼광사,7,0,24,240,33,90,285,86,199,5,1078
도산서원 ,2,0,20,3,2,0,1,1,0,3,1054
청주 상당산성,1,0,8,8,1,0,42,5,8,3,1054
수종사,1,2,3,44,3,0,19,1,6,10,1047
송광사,0,1,11,3,12,0,12,1,3,3,1042
영남루,3,1,20,240,23,88,243,9,144,29,1017
병산서원 ,1,0,12,0,3,0,1,0,0,2,1015
행주산성,6,1,14,240,3,17,214,10,79,6,996
경주 양동마을 ,0,0,4,12,14,0,9,0,5,2,988
청평사,0,2,1,1,2,0,7,1,2,2,976
마이산 탑사,0,0,13,14,9,0,29,0,5,8,975
서산 유기방가옥,0,0,20,0,0,0,0,0,0,0,963
강릉 선교장,1,5,20,170,50,5,118,4,53,0,951
갑사,0,1,0,9,12,1,19,0,3,0,949
청풍문화재단지,1,1,2,17,20,3,38,3,5,3,948
전주향교,6,6,0,238,237,160,285,41,237,14,924
서울 선릉과 정릉,30,5,0,237,174,225,285,234,237,78,923
김유정 문학촌,0,1,2,33,3,1,36,0,9,3,920
성읍민속마을,1,3,18,46,23,0,80,3,14,2,918
단양 구인시,0,1,12,10,10,0,13,0,2,0,895
봉선사,6,3,20,129,3,11,95,5,25,4,859
소수서원,0,2,20,26,10,0,23,0,2,8,827
태안 안면암,0,0,20,0,8,0,0,0,1,0,817
대구동화사,0,0,6,16,11,0,24,0,11,2,805
정약용유적지,2,1,20,21,2,2,24,0,10,6,799
구례 사성암,0,2,20,12,2,0,6,0,3,3,797
여주 영릉,3,0,0,65,3,0,20,1,8,4,791
김제금산사,0,2,0,12,10,1,37,0,16,0,769
경주 교촌마을,1,5,4,237,185,55,285,37,234,3,767
제주 삼성혈,6,0,20,240,188,213,285,0,253,3,760
경희궁,5,0,60,240,12,67,285,26,193,0,750
남평문씨본리세거지,7,1,0,225,2,8,250,5,70,6,747
국립대전현충원,12,0,6,240,1,4,116,8,69,2,734
녹동서원,0,0,36,8,4,0,29,0,4,1,733
공주 석장리 유적,0,1,0,12,1,1,10,0,3,1,717
대흥사,0,2,1,3,6,1,4,0,0,2,714
양평 구둔역,0,1,6,2,3,0,0,0,0,2,711
노동당사,0,0,4,6,0,0,1,0,2,0,708
국채보상운동기념공원,6,9,0,237,139,223,285,237,237,92,692
촉석루,10,5,20,240,176,211,285,57,237,4,692
해저터널,6,8,20,237,111,81,285,26,169,5,689
풍남문,5,6,20,238,237,161,285,44,237,13,677
담양후산리명옥헌원림,0,0,0,28,1,0,19,0,6,0,677
월화원,29,1,21,240,121,214,285,42,237,21,666
김해 수로왕릉,38,0,22,225,88,186,285,0,222,7,666
영월 장릉,1,3,2,140,8,7,100,3,14,5,661
융건릉,8,2,20,240,5,18,285,5,80,0,660
영평사,3,1,0,34,1,0,8,0,1,0,651
여수 진남관,7,8,10,237,188,164,285,34,224,10,649
각원사,1,1,20,106,5,12,98,0,53,3,644
창덕궁 후원,27,45,40,237,237,222,285,237,237,136,640
보탑사,0,1,0,1,8,0,2,0,0,0,632
동구릉 ,25,0,58,240,5,23,285,15,169,18,630
흥인지문,26,13,2,225,222,206,285,222,222,121,627
상원사,0,1,3,1,0,0,0,0,2,1,624
남사예담촌,0,0,4,8,8,0,9,0,4,1,615
노무현 대통령 생가,3,3,20,42,0,0,24,3,3,1,606
백담사,0,1,0,0,1,0,0,0,0,2,606
광성보,0,0,20,14,10,0,11,0,5,3,599
논산 관촉사,4,1,0,240,5,36,285,1,77,3,596
내장사,0,2,0,9,3,1,0,0,0,3,591
오어사,0,1,5,1,3,0,13,2,1,1,591
서울 암사동 유적,20,2,0,224,16,89,285,21,222,29,590
풍수원성당,0,1,16,2,1,0,4,0,0,0,589
구룡포 근대문화역사관,0,2,16,197,47,14,199,2,43,4,587
익산 미륵사지,1,0,20,12,3,0,29,1,9,5,581
솔뫼성지,4,0,2,232,10,17,119,1,19,2,572
서오릉 ,4,0,32,240,1,30,119,1,49,3,565
석남사,0,0,13,10,14,0,38,0,3,2,565
화성 용주사,3,2,0,240,0,7,125,3,34,0,564
봉정사,0,1,7,3,3,0,3,0,3,1,560
정북동 토성,1,0,2,88,1,0,2,0,2,3,555
다산초당,1,0,6,3,6,0,3,0,2,2,550
분황사,4,3,3,240,82,91,285,17,169,1,546
신흥사,2,6,2,6,6,0,40,2,10,2,545
신흥사,1,3,4,3,3,0,20,1,5,1,545
진관사,3,1,0,86,5,2,60,0,39,8,539
김제 벽골제,0,1,20,10,1,1,3,1,1,0,536
청도읍성,1,1,0,49,4,3,24,1,9,1,536
경기전,10,6,5,238,236,180,285,41,237,17,535
몽촌토성,38,0,53,240,146,228,285,0,237,124,522
구룡사,0,1,6,6,10,0,13,3,0,8,519
죽서루,7,2,20,240,34,77,285,7,100,0,515
대한성공회 강화성당,0,0,20,0,0,0,0,0,0,0,506
미황사,0,1,15,0,1,0,1,0,0,0,500
청간정,0,0,20,53,123,7,62,1,18,11,493
만휴정,0,0,11,1,2,0,0,0,1,0,489
덕수궁 대한문,27,36,60,238,237,222,285,236,237,159,488
권금성,1,2,4,10,3,0,16,1,5,1,487
수원화성박물관,28,10,21,237,162,217,285,68,237,29,481
강화고려궁지,7,3,0,240,16,34,285,11,82,0,469
운림산방,1,0,5,8,5,0,6,0,1,3,467
서산 마애여래삼존상,0,0,20,0,0,0,0,0,0,0,463
문의문화재단지,2,0,2,37,5,1,48,0,11,3,457
천마총,4,5,0,237,185,114,285,47,237,2,456
송산리고분군,9,4,2,238,64,41,285,25,98,15,454
부여 가림성,0,0,20,21,0,3,9,3,3,8,452
정릉,21,6,48,238,64,228,285,62,237,65,440
강화평화전망대,0,1,0,5,0,0,0,1,0,1,438
황순원문학촌 소나기마을,0,1,0,28,39,0,9,0,14,8,433
낙화암,5,3,20,240,43,41,285,18,66,24,420
청계사,1,0,0,123,0,0,9,1,3,8,407
강화초지진,0,0,20,60,20,2,119,2,17,7,405
관악산 낙성대공원,26,1,0,225,31,215,285,26,222,33,400
배론성지,1,0,5,0,8,0,9,0,3,0,398
화진포의 성(김일성별장),0,3,8,8,23,2,4,1,1,5,397
미리내 성지,0,0,5,5,2,0,7,1,5,0,397
뒤웅박고을,0,0,8,6,0,0,3,0,1,0,391
강진영랑생가,2,1,12,240,16,33,214,5,35,3,389
청량사,0,1,0,1,6,0,0,0,3,0,388
남양성모성지,1,0,20,240,5,25,285,5,82,1,388
청량사(봉화),0,0,1,0,0,0,0,0,0,0,388
도선사,2,2,0,48,4,3,47,2,26,4,382
구미 도리사,2,1,2,0,3,0,7,0,3,1,382
서울 약현성당,28,20,60,237,237,221,285,236,237,145,380
고성 왕곡마을,1,1,1,8,10,0,5,0,3,6,380
추사김정희선생고택,1,0,2,12,1,0,8,0,1,2,380
왕인박사유적지,0,3,0,17,20,0,17,4,4,3,379
미래사,1,1,20,10,27,0,14,1,4,1,379
은해사,0,1,20,6,5,0,18,0,3,0,379
경주 김유신묘,7,4,0,224,106,106,285,27,222,0,378
서상돈 고택,9,12,28,237,147,221,285,240,237,91,373
불로동 고분군,4,1,4,240,6,15,285,7,96,10,373
시인이상화고택,8,9,40,237,146,219,285,238,237,91,372
백련사,2,2,36,10,12,0,10,0,4,4,369
임고서원,0,0,0,17,2,0,14,0,3,1,368
구 보성여관,0,5,20,240,7,11,169,7,20,3,366
경주 계림,3,5,20,237,192,56,285,43,237,0,361
보광사,0,2,24,34,8,0,54,0,10,0,360
경주 감은사지,1,0,0,14,14,0,59,0,3,1,356
독립문,12,3,39,189,53,112,270,46,222,51,355
강천사,0,1,5,0,3,0,13,0,5,1,355
홍룡사,0,0,0,18,0,0,4,0,2,1,355
간월암,0,2,48,12,6,0,23,1,6,2,349
도마령,0,1,60,2,3,0,0,0,1,1,347
함안 무진정,3,0,1,18,1,0,23,3,4,1,341
우암사적공원,14,0,4,240,59,96,285,0,215,5,335
관덕정,2,13,20,237,237,220,285,80,237,8,332
경주 황룡사지,4,4,0,222,76,45,285,23,189,1,331
합덕성당,3,0,20,138,4,7,67,0,5,1,330
천왕사,0,3,6,0,2,0,0,0,0,0,329
봉원사,21,5,50,239,98,227,285,83,237,124,328
효석문화마을,2,3,1,69,32,6,79,0,17,5,328
아라리촌,2,0,0,220,14,22,186,0,36,5,319
옥산서원,0,2,0,3,3,0,13,19,2,1,318
칠장사,0,1,12,5,2,0,6,0,2,0,315
만해한용운심우장,11,9,47,237,116,194,285,68,237,48,314
반야사,0,1,0,1,3,0,4,0,1,3,314
장곡사,1,0,2,3,3,0,15,0,0,2,313
허균.허난설헌생가터,5,5,20,189,165,13,233,9,94,0,312
내원사,1,1,0,132,12,9,130,4,14,13,311
양산 내원사,0,1,1,0,0,0,0,1,0,5,311
경주 석굴암 ,0,1,19,10,8,0,0,1,2,0,309
남양주 광릉,1,3,20,24,4,0,24,1,19,7,307
월송정,0,1,20,15,10,0,12,1,3,2,305
돈암서원 ,1,23,20,43,5,0,24,240,3,1,300
정암사,2,1,9,1,2,0,0,0,1,0,300
연천 호로고루,1,1,0,6,0,0,6,0,1,0,299
구례 운조루 고택,1,0,2,14,20,0,14,0,5,0,299
나주 금성관,3,3,3,240,16,29,285,12,73,0,296
선진리성,1,0,2,6,3,0,24,0,3,1,295
정방사,0,0,0,3,27,0,3,0,1,1,294
통영 세병관,5,6,20,237,160,179,285,37,237,8,291
용천사,3,3,0,3,2,0,3,0,2,1,291
왕궁리유적 ,1,1,4,69,6,0,24,2,5,7,291
왕궁리유적,1,1,4,63,4,0,22,2,3,7,291
봉녕사,24,1,0,225,29,145,285,31,222,16,288
강화 고인돌 유적 ,0,0,0,21,6,1,18,0,2,2,288
무량사,0,0,9,17,5,6,24,0,5,3,288
정지용 생가,2,2,1,225,9,17,245,6,53,2,287
고운사,0,1,7,1,0,0,0,0,0,2,287
고모산성,0,2,5,8,14,0,10,0,3,1,286
기림사,0,1,4,3,3,0,5,0,1,0,285
알뜨르비행장,2,2,0,9,16,0,22,3,7,6,284
경주 오릉,1,0,6,174,101,14,180,0,151,3,283
대구 용연사,0,0,12,10,1,0,15,1,1,1,281
골굴사,0,1,0,6,3,0,9,0,2,1,275
개암사,0,1,1,1,1,0,7,2,0,1,269
감곡매괴성모순례지성당,1,0,20,240,9,35,241,2,57,4,268
보은 속리 정이품송,0,0,5,0,0,0,0,0,0,0,266
경주 무열왕릉,2,0,1,63,15,8,94,6,23,3,265
화산천주교회,0,0,0,39,0,1,19,2,1,7,263
청송 송소고택,0,0,0,10,8,0,2,0,1,1,262
부여 정림사지 오층석탑 ,6,0,20,240,43,42,285,0,66,20,261
와우정사,0,0,20,44,6,0,7,0,5,0,260
서귀포 김정희 유배지,0,0,0,14,11,0,14,0,5,2,259
성주사,1,1,0,22,0,0,8,2,4,1,257
의령 의붕사,0,0,0,0,0,0,0,0,0,0,256
가실성당,0,0,20,29,0,0,19,0,4,0,255
금둔사,0,2,1,2,14,0,7,0,1,3,251
국립 5.18 민주묘지,0,0,0,30,0,0,5,0,2,6,251
영월 법흥사,0,1,0,1,17,0,7,0,0,0,250
법흥사,0,1,0,1,16,0,7,0,0,0,250
강원감영,17,3,20,240,84,212,285,54,237,48,249
오산 독산성과 세마대지,3,0,21,218,1,6,110,7,27,0,249
작천정계곡,13,1,20,240,79,67,285,0,107,5,240
증심사,0,1,9,67,0,0,24,2,8,7,239
삼막사,0,1,11,17,3,6,37,3,17,4,237
담양 식영정,0,2,0,12,4,0,22,2,11,3,235
세종 비암사,0,0,0,0,0,0,0,0,0,0,235
용흥궁,8,3,0,240,18,36,285,11,87,0,233
논산명재고택,1,0,0,32,2,5,34,0,5,0,232
태릉,8,1,39,240,5,42,285,44,159,20,231
망양정,1,3,20,28,16,2,24,5,5,1,230
영국사,0,0,0,0,3,0,9,0,0,1,229
파주 임진각,0,5,3,12,3,0,16,1,7,3,228
산방굴사,1,5,0,21,91,3,98,3,44,5,227
철암탄광역사촌,0,1,20,44,2,4,24,8,3,0,227
한밤마을 돌담길,1,1,16,12,8,1,23,0,5,1,225
파주이이유적,0,0,20,147,7,10,78,3,16,0,222
함양 서암정사,0,1,0,8,39,0,8,0,3,5,221
망해암,21,0,0,225,83,204,285,44,222,25,221
경주 배동 삼릉,0,1,0,23,15,0,33,3,6,3,220
양화진외국인선교사묘원,21,5,0,222,218,213,285,115,222,49,218
파주 삼릉 ,2,0,20,174,5,3,34,0,5,1,217
당항포관광지,0,0,1,0,0,0,0,0,0,0,216
봉곡사,0,0,0,3,0,0,6,0,0,1,216
용소막성당,0,0,9,16,3,2,12,1,2,0,216
만해마을,0,1,0,12,33,0,32,0,3,3,214
개태사,0,1,6,39,8,0,19,0,2,0,214
광주공원,12,1,27,225,219,207,285,4,222,8,213
수어장대,1,1,20,22,2,3,87,2,18,10,212
창의문,19,8,21,237,75,100,285,32,237,40,210
수원박물관,21,7,0,222,7,132,285,66,222,11,206
중앙고등학교,16,2,39,224,222,208,285,221,222,95,204
강화 덕진진,0,0,20,28,15,0,59,0,14,6,204
금성산성,0,0,5,2,1,0,0,0,0,0,204
관룡사,0,0,0,1,3,0,11,2,0,1,204
목포근대역사관,15,6,4,238,193,109,285,20,194,3,200
환구단,28,37,60,237,237,222,285,237,237,170,196
최순우 옛집,18,13,0,222,119,208,285,79,222,61,196
농암종택,0,0,0,3,6,0,1,0,1,0,196
무각사,24,2,0,224,73,198,282,61,222,10,193
천학정,0,1,7,35,65,2,35,0,9,10,192
금정산성,1,0,20,44,2,2,115,3,8,2,192
도갑사,0,1,0,0,1,0,2,1,0,2,191
도솔암,0,1,0,0,0,0,0,0,1,0,191
갑곶돈대,2,0,8,114,10,5,85,2,18,2,191
옻골마을,0,1,1,78,3,0,16,2,3,0,190
김해 분산성,32,3,0,223,98,176,285,14,218,3,188
홍법사(부산),0,0,20,0,0,0,0,0,0,0,188
청룡사,0,1,0,2,3,0,16,0,3,3,187
김천청암사,0,1,20,2,10,0,8,1,1,1,183
박정희 대통령 생가,12,1,0,225,5,69,285,1,76,6,183
무주 안국사,0,2,0,0,0,0,2,0,4,2,181
신숭겸장군유적,0,0,0,0,0,0,0,0,0,0,179
건봉사,0,0,0,0,0,0,0,0,0,0,178
완도 청해진 유적,2,2,0,22,1,0,9,0,0,2,177
파계사,0,1,0,25,3,1,21,5,12,2,177
해미순교성지,0,0,20,0,0,0,0,0,0,0,177
양주 회암사지,1,0,5,99,3,0,30,3,7,0,176
예산 충의사,2,0,17,37,41,12,81,1,9,2,176
남양주 사릉,3,0,0,225,3,18,174,9,34,1,176
망월사,0,1,0,3,3,0,10,0,1,1,175
인천 개항 누리길,11,2,13,224,58,141,285,222,222,23,171
노적봉,18,5,20,238,201,123,285,17,196,3,170
정취암,1,0,3,7,3,0,3,0,1,0,169
보은 삼년산성,1,1,19,36,5,2,39,3,10,8,168
국청사,3,1,0,84,1,3,94,3,21,10,168
생초국제조각공원,3,0,18,35,3,3,32,1,5,1,168
대전사,0,3,1,12,16,1,33,1,3,3,167
부여 능산리 고분군 ,1,0,12,51,6,4,39,1,5,7,167
흥국사,0,1,17,10,0,0,9,1,1,2,165
흥국사,0,1,5,10,0,0,9,1,1,2,165
김포 덕포진,0,0,0,56,16,0,81,3,9,6,165
분오리돈대,0,1,20,10,76,1,24,1,16,2,163
한용운선생 생가지,0,0,7,0,0,0,0,0,0,0,163
육신사,0,0,0,14,0,0,1,0,0,2,161
김좌진장군생가지,2,0,20,48,1,8,42,0,7,2,161
경주 선덕여왕릉,0,1,2,39,22,0,9,3,3,1,159
문수암,0,0,13,2,3,1,6,0,1,0,158
대구제일교회,11,10,29,219,134,203,285,222,222,83,156
태안사,0,0,4,0,0,0,0,0,0,0,156
대방진굴항,3,3,20,240,41,55,285,2,45,3,153
창경궁 홍화문,23,31,48,222,222,212,285,222,222,138,152
보령 성주사지,0,0,5,16,21,2,31,0,3,2,151
성주 세종대왕자 태실,0,0,0,1,0,0,0,0,0,1,151
안동 군자마을,0,0,0,1,1,0,0,0,0,0,151
연천 숭의전지,0,0,0,10,14,0,7,0,1,2,151
괴시리 전통마을,0,1,0,167,12,15,123,0,30,2,150
광희문,36,11,6,222,222,208,285,222,222,164,149
환벽당,0,2,0,14,4,0,24,2,11,3,149
낙산사 의상대,0,1,6,47,137,4,101,1,14,5,149
여주 파사성,2,0,0,40,3,2,55,0,15,9,149
천주교배티성지,0,0,1,0,1,0,4,0,2,0,149
문헌서원,0,2,7,73,3,2,30,3,5,3,148
삼화사,0,1,0,9,3,0,22,3,3,3,148
보은 선병국가옥,0,0,11,9,2,1,7,0,0,2,148
봉화 닭실마을,2,3,6,172,5,11,131,3,17,5,147
옥천 육영수 생가,0,2,20,73,8,0,70,1,15,5,147
둔산선사유적지,18,3,0,222,27,209,285,70,222,14,146
대전 계족산성,0,1,2,22,2,0,1,2,0,0,146
비슬산 유가사,0,1,0,1,3,0,7,0,3,2,146
대구향교,8,10,0,222,134,206,270,222,222,93,143
흑성산성,1,1,2,14,3,0,10,0,8,2,142
필암서원 ,0,0,4,14,2,0,7,0,3,2,142
너리굴 문화마을,0,0,0,89,2,1,30,0,4,1,140
옥천사,0,1,0,6,5,0,10,0,0,0,139
무성서원 ,1,1,16,42,1,0,24,0,3,5,137
북촌 8경,23,0,25,240,237,225,285,0,237,132,137
서산 보원사지,0,0,0,2,12,0,16,0,3,1,137
인천 답동성당,16,2,0,224,120,210,285,222,222,26,136
화순 쌍봉사,0,1,1,2,0,0,0,0,0,0,134
화순적벽,0,0,0,3,0,0,3,0,1,2,134
예천 초간정,0,0,2,5,0,0,1,0,0,0,133
송림사,3,0,9,17,0,0,19,3,5,0,133
아산 맹씨 행단,0,0,4,86,0,4,29,0,5,3,132
심청한옥마을,1,6,0,6,12,0,1,49,3,3,131
하우현성당,1,0,20,102,0,0,51,3,14,4,131
의릉,22,1,56,240,65,226,285,49,237,79,129
요선정,0,0,17,6,21,0,6,0,1,0,129
칠불사,0,0,3,2,14,0,5,0,1,0,129
제3땅굴,0,2,1,3,0,0,0,0,1,0,128
예천 삼강주막,0,1,3,1,2,0,0,0,0,1,128
갈매못순교성지,0,0,20,46,14,3,43,0,3,1,128
달성하목정,0,0,2,53,2,0,33,0,2,2,128
고산 윤선도 유적지,0,0,0,0,0,0,0,0,0,0,128
금산 칠백의총,2,0,1,32,3,0,11,0,1,0,128
여주 고달사지,0,0,0,3,0,0,2,0,3,1,127
영휘원,19,0,24,240,119,222,285,70,237,91,127
군산항,0,0,18,32,0,0,7,0,1,0,123
순창고추장민속마을,0,1,2,41,3,0,18,0,3,3,122
사나사,0,1,0,3,23,0,15,1,5,1,122
등명낙가사,0,1,1,1,8,0,3,0,2,1,122
도라전망대,0,0,11,0,0,0,0,0,0,0,121
정암루,2,0,0,22,0,0,12,2,3,3,120
통영 삼도수군통제영,4,0,20,240,162,182,285,0,237,8,119
세검정 터,0,0,24,0,0,0,0,0,0,0,118
벽송사,0,1,1,6,33,0,6,0,3,5,117
문수산성,0,0,3,2,5,0,12,0,0,1,117
법륜사,1,2,20,62,5,2,38,0,14,0,116
법륜사,1,2,18,58,5,2,38,0,14,0,116
삼지내마을,0,0,0,66,9,1,40,1,12,2,116
죽주산성,1,0,5,77,7,8,61,3,9,0,116
김해 수로왕비릉,38,3,0,224,101,185,285,25,222,8,115
당포성,1,0,0,9,7,0,6,2,1,2,115
전구형왕릉,0,0,20,17,3,2,16,0,2,3,115
서울 구 러시아공사관,29,36,60,237,237,222,285,239,237,147,114
국립4.19민주묘지,19,2,10,240,89,229,285,30,237,31,113
무주 백련사,0,0,0,0,1,0,0,0,0,1,113
칠곡 가산산성 및 가산바위,0,0,14,0,0,0,0,0,0,0,113
외암민속마을,0,0,3,42,9,3,37,0,7,6,112
선비촌,0,0,7,1,12,0,14,2,3,1,111
축서사,0,0,0,1,1,0,0,0,0,0,111
교동향교,1,9,0,222,3,209,32,83,9,22,110
캠프 그리브스,0,5,21,14,3,0,7,1,5,5,110
고령 지산동 고분군,1,3,0,50,1,1,20,8,7,2,110
국립임실호국원,0,0,2,3,0,0,1,0,0,1,109
천안 유관순 열사 유적,1,0,2,110,3,10,112,0,17,4,108
이중섭 거주지,9,3,0,223,137,198,285,18,218,27,107
서생포왜성,1,2,13,33,59,8,98,2,11,3,106
별방진,0,1,0,7,74,1,9,1,15,3,106
옥룡사지,1,2,4,8,14,0,13,23,1,8,105
군위 아미타여래삼존 석굴,0,0,20,12,8,0,34,0,5,1,104
수리사,2,0,23,170,1,0,32,5,16,4,104
경주민속공예촌,0,1,1,33,63,1,42,0,14,1,103
악양루,1,0,0,9,0,0,4,0,2,0,103
자재암,2,1,0,1,2,0,19,2,0,1,102
정읍 피향정,0,0,2,53,1,2,31,0,5,2,102
명성황후 생가,1,0,0,129,2,2,95,1,8,3,102
이장우가옥,11,3,24,225,161,208,285,136,222,14,101
충주 미륵대원지,0,0,5,3,12,0,4,0,0,0,101
진도 남도진성,0,0,0,1,2,0,0,0,0,1,100
충주 탑평리 칠층석탑,1,0,18,26,7,0,31,0,5,1,100
영주 희방사,0,2,0,0,3,0,5,2,0,2,99
심곡서원,28,0,3,240,3,59,285,7,237,1,98
화순고인돌유적 ,0,0,0,21,3,0,10,1,3,2,98
은수사,0,3,0,14,11,0,24,1,6,6,97
남원 만인의총,1,2,0,224,50,53,270,9,120,10,97
홍예문,17,2,24,224,89,171,285,222,222,28,97
미타사,4,1,0,233,48,83,288,7,120,9,97
음성 미타사,0,0,7,8,1,0,3,0,1,2,97
수국사(서울),0,0,47,0,0,0,0,0,0,0,96
인천 흥륜사,41,0,0,240,48,194,285,30,237,7,96
성경전래지 기념관,0,6,4,9,21,0,24,1,2,6,94
전주한옥마을 ,14,5,17,238,237,182,285,45,237,18,94
연미정,0,2,20,67,98,19,123,3,57,5,93
당고개순교성지,13,1,49,225,104,212,285,81,222,87,93
서울 풍납동 토성,27,1,0,225,86,209,285,86,222,57,93
경주역사유적지구,3,5,20,237,192,71,285,42,237,0,92
석종사,0,1,0,17,0,0,2,0,3,0,92
묘적사,0,0,0,37,2,0,31,0,5,0,92
안동민속촌,2,3,20,12,5,0,23,3,10,8,91
탄금대공원,8,3,8,240,21,13,112,5,45,1,90
영월루,4,3,20,225,39,64,285,13,133,20,90
부산 복천동 고분군,7,2,40,240,167,215,285,168,237,0,90
인제 봉정암,0,1,0,0,1,0,0,0,0,2,90
화산산성,0,0,0,2,2,0,0,0,0,0,90
남양주 불암사,9,0,1,225,1,17,270,7,117,4,89
전주 풍패지관,10,4,3,238,237,192,285,45,237,16,88
이기붕별장,0,3,0,8,21,2,5,1,1,6,88
대흥동헌,0,0,10,17,6,0,21,0,6,3,88
우일선 선교사 사택,13,3,23,225,140,215,285,132,222,13,87
고창 무장현 관아와 읍성,0,1,3,41,0,3,21,0,2,3,86
과천향교,7,1,0,225,3,10,203,40,94,43,86
성주 한개마을,0,0,2,14,2,0,5,0,1,1,86
철원 평화전망대,1,1,0,0,0,0,0,0,0,0,84
천은사,0,0,11,1,0,0,2,0,0,0,84
금산교회,0,0,0,14,7,1,39,0,15,0,84
천은사,0,0,0,1,0,0,2,0,0,0,84
정읍김동수씨가옥,0,0,8,14,2,0,11,1,1,0,83
충익사,2,1,0,197,11,21,174,23,38,8,82
삼성산성지,12,0,30,240,7,93,285,0,203,47,82
초의선사 탄생지,0,0,1,28,3,0,18,0,4,1,82
부인사(대구),0,0,1,0,0,0,0,0,0,0,81
내원정사,2,2,0,225,4,34,285,34,91,1,80
합강정,1,1,0,159,14,11,130,7,19,9,80
이영춘가옥,2,0,20,160,1,8,93,2,22,2,80
이훈동 정원,14,4,0,222,179,99,285,18,175,2,79
순창장류박물관,0,1,0,43,5,0,19,0,3,3,79
제2땅굴(철원),0,0,3,0,0,0,0,0,0,0,78
불굴사,2,3,0,12,3,8,16,8,4,3,77
계백장군 유적지,0,0,0,22,2,0,11,0,3,1,77
가야진사,0,0,6,19,4,2,28,0,4,6,77
체화정,3,0,0,83,4,12,95,2,14,1,77
경주 대릉원 일원,4,5,20,237,178,123,285,50,237,3,76
청주 용두사지 철당간,6,0,20,225,78,155,285,0,222,4,76
나주 목사내아,2,0,20,240,23,31,285,0,75,0,75
익산 쌍릉,1,0,0,101,0,0,22,1,3,8,75
황희선생유적지,2,1,0,28,2,0,19,0,6,0,74
백산기념관,2,0,0,225,222,193,285,0,222,1,74
북지장사,0,0,4,19,6,0,30,6,5,3,73
연천 경순왕릉,1,0,0,2,0,0,0,0,1,0,72
구미 채미정,0,0,0,108,6,5,125,8,55,2,72
금당사(진안),0,0,1,0,0,0,0,0,0,0,72
숙정문,7,10,0,237,98,0,285,25,237,29,71
남계서원 ,1,0,9,14,1,0,6,0,1,3,71
백양사,17,0,20,240,98,226,285,75,237,4,71
고성 학동마을 옛 담장,0,0,13,8,6,0,8,0,1,2,71
양림역사문화마을,0,0,20,0,0,0,0,0,0,0,70
제4땅굴,0,1,0,1,0,0,0,0,0,0,69
고창 고인돌 유적,2,0,6,18,0,0,13,0,3,5,69
영일장기읍성,0,0,1,17,0,1,11,1,7,0,69
남간정사,14,0,0,225,70,99,181,18,222,4,68
모명재,6,0,0,225,3,28,285,33,222,19,68
천주교연풍성지,1,0,1,28,1,5,20,0,6,1,68
강원 영월 김삿갓,0,0,0,2,18,0,1,0,0,0,67
헌릉,9,0,22,225,0,2,66,3,53,5,67
사촌전통마을,0,1,20,14,3,0,8,0,4,1,66
남해 관음포 이충무공 유적,0,0,6,0,0,0,0,0,0,0,66
약사사,42,0,0,450,12,116,570,26,270,44,66
국형사,2,0,0,69,5,0,33,3,29,3,65
심천역,3,2,0,15,80,173,4,2,1,38,64
선본사,0,1,0,3,0,0,3,0,2,3,63
천도교중앙대교당,26,42,52,222,222,208,285,222,222,147,62
수승대,1,2,20,28,38,1,29,2,4,6,62
함벽루,4,1,7,225,20,18,185,4,32,18,62
충주 관아공원,21,0,0,225,38,205,285,29,222,8,62
남원 만복사지,1,2,0,225,26,16,285,5,84,7,61
신라역사과학관,0,1,0,21,61,1,35,0,11,1,61
청도 석빙고,1,1,0,53,4,3,28,1,9,1,61
창녕 석빙고,2,0,20,225,8,22,231,8,41,4,61
보성 벌교 홍교,1,5,20,240,7,11,171,10,20,3,60
인천향교,44,2,23,225,3,211,285,57,222,9,60
고려동유적지,0,0,0,18,4,0,28,3,4,1,60
강릉향교,4,2,20,240,157,212,285,6,237,0,59
영양 주실마을,1,1,0,7,0,0,0,0,0,0,59
논개사당,2,0,0,114,4,12,86,0,9,6,59
옥련선원,3,0,0,225,120,206,285,23,222,0,59
창원 진해우체국,1,2,0,224,45,75,285,18,104,2,58
구산성지,5,0,30,240,3,57,285,9,237,7,58
합천 영암사지,0,0,0,0,7,0,4,0,0,6,58
옥천암,19,30,43,237,17,62,285,235,228,37,57
백운사,1,0,20,117,0,0,16,0,7,4,57
대각사(부산),0,0,29,0,0,0,0,0,0,0,57
백운사(의왕),0,0,20,0,0,0,0,0,0,0,57
초량교회,3,9,0,222,179,194,285,179,222,0,56
안동 법흥사지 칠층전탑,4,3,20,223,77,55,285,23,135,2,56
만귀정,1,0,0,134,0,5,60,6,24,0,55
이천도예마을,1,0,21,220,3,3,93,2,18,2,54
화순 규봉암,0,0,9,0,2,0,0,0,1,0,54
가평리 계서당,0,0,0,6,0,0,0,0,0,0,54
전주 남고산성,5,2,20,224,118,15,166,4,61,5,53
고창신재효고택,3,1,0,225,15,24,268,14,49,5,52
미타암,1,0,0,24,3,0,6,0,4,0,52
양주향교,0,0,3,223,2,1,53,5,10,0,52
금당실마을,0,0,11,17,5,3,16,1,5,1,51
능허대지,13,1,42,240,45,72,285,12,132,5,50
현덕사,0,1,0,3,28,0,5,0,1,0,50
안동하회마을겸암정사,0,0,9,0,0,0,0,0,0,0,50
경국사,13,3,25,225,16,67,285,21,222,32,49
안양사,3,1,20,225,18,30,285,13,118,5,49
안동 임청각,2,5,20,240,84,69,285,29,169,3,48
임진각관광지평화누리자유의다리,0,5,21,10,3,0,10,1,5,5,48
전주 정혜사,23,5,0,239,237,231,285,30,237,14,48
함안 말이산 고분군,5,1,20,240,9,32,253,30,47,6,48
의성 탑리리 오층석탑,0,0,0,71,4,2,37,0,11,2,46
김해 구지봉,37,3,24,224,104,185,285,26,222,8,45
심원사,0,1,4,3,13,1,27,0,4,1,45
사명대사유적지관광단지생가지,0,0,0,1,1,0,0,0,0,3,45
제천 자양영당,0,0,0,3,2,0,0,0,0,0,45
사천읍성,1,2,1,225,34,63,270,7,70,1,44
반기문기념관,1,1,1,14,2,1,16,0,3,6,44
연천역 급수탑,2,0,0,91,4,6,78,2,15,2,44
백마강,8,2,2,223,50,43,270,22,92,36,43
백제불교최초도래지,1,1,1,240,11,5,78,0,10,5,43
적성산성,1,0,20,20,3,0,13,2,5,6,43
황토현전적지,0,0,2,12,1,0,5,0,0,2,43
묘각사,29,10,0,222,222,201,285,222,222,150,42
안일사,10,1,27,240,27,75,285,97,237,17,42
여수 선소유적,8,0,20,204,39,176,243,0,193,5,42
최승효가옥,13,3,0,225,164,206,285,132,222,12,41
일산밤가시초가,39,2,3,240,32,234,285,75,237,178,41
오웬기념각,0,0,26,0,189,0,285,0,237,0,41
학봉종택,0,0,9,11,5,0,5,0,3,0,41
김유신 탄생지,1,1,4,8,3,1,10,0,1,2,40
DMZ 생태평화공원,1,0,2,0,0,0,0,0,0,0,40
달성 삼가헌 고택,0,0,0,18,0,0,4,0,0,2,40
무양서원,16,0,0,225,45,159,285,3,222,6,40
현풍석빙고,9,0,0,225,4,55,285,0,115,16,40
고성화암사,0,1,0,0,0,0,0,0,1,0,39
남원 교룡산성,0,1,0,28,2,0,9,0,3,3,39
예산 임존성,0,1,4,9,8,0,8,0,3,2,39
귀신사,0,0,0,3,1,0,6,0,6,0,39
성락원,16,8,47,237,96,223,285,76,237,60,38
의성 금성산 고분군,0,0,20,21,1,0,8,3,3,1,38
무상사,0,0,5,8,0,0,13,0,5,0,38
익산 함라마을 옛 담장,0,0,19,20,1,0,15,0,1,4,38
아랑각,3,1,0,225,26,83,285,9,163,27,37
도봉서원,23,0,38,225,21,188,285,28,222,69,37
일산역전시관,39,0,2,225,19,178,285,30,222,163,37
아차산성,11,0,0,0,26,0,285,0,222,0,36
무주한풍루,3,4,10,174,6,9,116,4,19,4,35
대관령 황태덕장마을,4,0,11,60,50,16,110,0,23,8,35
함벽정,0,3,16,33,2,0,8,0,3,6,34
봉인사,1,1,9,90,1,0,33,198,6,2,34
당진면천읍성,0,0,0,32,3,5,30,0,4,0,34
속초 조양동선사유적,2,6,20,239,197,165,304,13,210,2,33
보성 강골마을,1,0,0,30,1,4,17,1,5,0,33
동천석실,1,0,0,5,7,0,0,0,1,2,33
양주 온릉 ,2,1,20,60,21,0,66,3,14,4,32
성륜사,0,0,10,3,0,0,1,0,0,0,32
처용암,1,0,0,24,0,0,5,0,1,1,32
서울 금선사,2,0,37,174,3,7,78,11,37,4,32
단호사,0,0,0,154,2,6,67,8,18,1,32
서천 이하복 고택,0,0,0,14,0,0,2,0,2,0,32
신채호선생생가,1,0,1,18,0,0,2,1,0,1,32
원주 상원사,0,0,1,0,0,0,0,0,0,0,32
완도 세연정,0,0,0,0,0,0,0,0,0,0,31
장육사,0,1,3,0,0,0,0,0,0,0,30
의성 경덕왕릉,0,0,0,17,2,0,9,3,3,1,30
청도 용천사,0,0,1,7,5,0,20,0,6,3,30
해군영흥도 전적비,0,0,20,44,55,4,77,0,9,3,30
성베네딕도회 왜관수도원,2,1,0,225,18,41,285,15,88,3,29
은적사,8,1,8,450,49,154,478,43,235,10,29
난고 김삿갓 유적지,0,0,0,2,10,0,4,0,0,0,29
선교사블레어주택,0,0,29,0,0,0,0,0,0,0,29
천황사,0,0,0,6,13,0,11,4,2,2,29
함안무기연당,0,0,8,78,5,2,53,2,2,1,29
불영사,1,2,20,21,10,0,52,0,14,2,28
소재사,0,1,0,2,6,0,8,1,1,5,28
영동 난계사,1,1,0,14,5,0,20,0,0,0,28
김대중 대통령 생가,0,0,0,0,2,0,0,0,0,0,28
서울 석촌동 고분군,43,5,1,240,103,214,285,103,237,73,27
방조어부림,0,2,20,34,100,3,30,0,25,3,27
계룡 사계고택,1,1,0,107,9,5,72,6,16,1,27
부여 나성,1,0,17,48,4,4,35,1,4,6,27
운흥사,0,0,1,8,0,0,5,0,2,0,27
경주 독락당,0,1,0,3,3,0,13,0,2,1,26
영남제일관,2,1,22,225,25,58,285,44,158,37,26
기장향교,12,2,0,225,34,49,285,16,106,3,25
서광사,9,2,0,225,70,123,285,59,138,7,24
평화통일 불사리탑,1,2,0,87,52,2,63,3,25,3,24
황산마을,0,2,8,25,33,1,22,2,4,6,24
경주 남산 용장사곡 삼층석탑,0,1,0,8,4,0,16,1,4,1,24
고하도이충무공유적,0,0,0,0,0,0,0,0,0,0,24
설봉서원,8,4,5,222,9,8,190,6,51,6,23
남고문,2,3,1,225,16,27,285,10,68,0,23
부산진일신여학교,6,3,2,225,122,141,285,121,222,0,23
운주산성,0,0,20,6,1,0,5,0,1,1,23
독용산성,0,0,2,0,0,0,0,0,0,0,23
인왕사,21,11,0,222,73,190,285,104,222,83,22
화성정용채가옥,0,2,20,21,27,0,18,0,4,3,22
홍지문 ,17,2,23,225,14,56,285,25,202,32,22
성남 정토사,3,0,1,102,1,1,40,3,17,0,22
망양돈대,0,3,9,33,32,1,54,0,10,2,21
빙계서원,0,0,0,6,2,0,3,0,0,3,21
선운사(고창),0,0,29,0,0,0,0,0,0,0,21
영양 두들마을,2,0,20,10,5,2,13,1,3,2,21
장성 입암산성,0,0,0,1,2,0,0,0,0,0,20
구례 석주관성,1,0,0,1,3,0,2,0,1,1,20
제천 엽연초수납 취급소,14,0,20,225,100,179,285,16,222,0,20
충주 장미산성,0,0,0,13,8,1,9,0,0,2,20
해가사의 터,2,2,9,62,55,1,59,4,27,5,19
함안 채미정,1,1,0,3,0,0,3,0,1,0,19
용계정,0,0,10,3,1,0,0,0,1,1,19
보길도 윤선도 원림,0,0,0,35,20,3,38,0,3,3,19
칠곡향교,18,0,22,225,15,95,285,3,222,39,19
적상산사고지,0,3,6,1,0,0,0,0,2,1,18
서계박세당 사랑채,3,1,0,225,10,14,275,3,74,6,18
숭인원,23,0,4,240,125,222,285,72,237,92,18
죽림사,0,0,0,3,6,0,2,0,1,0,18
충주 산성,5,0,0,199,0,30,206,2,53,0,18
능인선원,28,3,43,240,9,132,285,79,237,36,17
장흥 회령진성,1,0,2,44,6,2,33,0,5,2,17
전남 담양 창평 ,0,0,20,65,12,1,43,1,14,2,17
배중손 사당,0,0,14,2,2,0,1,0,0,1,17
서산 경주김씨 고택,0,0,14,15,3,0,2,0,1,0,17
완도 묘당도 이충무공 유적,0,0,9,0,0,0,0,0,0,0,17
충주 임충민공 충렬사,0,0,14,133,1,6,67,7,21,1,17
고성 어명기 고택,0,0,6,24,61,3,37,0,5,9,17
광양 중흥사,0,0,0,12,6,0,11,0,3,3,16
서천 성북리 오층석탑,0,0,9,0,0,0,0,0,0,0,16
제천 점말동굴유적,0,0,0,16,3,0,11,0,3,0,15
진잠향교,14,0,24,225,3,14,266,5,87,1,15
경주 장항리 서 오층석탑,0,0,1,0,7,0,0,0,0,1,15
영덕 대소산 봉수대,0,0,2,32,9,2,42,0,4,1,15
창덕궁 인정문,28,43,48,225,222,210,285,222,222,136,14
황학정,21,36,10,222,222,207,285,225,222,104,14
척주동해비 및 평수토찬비,8,2,20,240,53,45,285,9,66,0,14
유금사,0,0,1,1,0,0,0,0,0,0,14
무주 지전마을 옛 담장,0,0,8,0,0,0,0,0,0,0,14
동북각루,33,10,21,237,128,216,285,66,237,33,13
계룡산도예촌,0,1,0,16,7,0,12,0,5,0,13
인천우체국,26,1,26,225,5,205,285,69,222,15,13
정약용선생묘,1,1,0,24,2,2,22,0,9,6,13
나주 반남 고분군,1,0,18,6,1,0,4,0,2,1,13
지선사,6,0,0,225,18,101,285,26,190,0,13
퇴계태실,0,0,8,10,6,0,7,0,3,1,13
산청함양사건 추모공원,0,0,1,3,8,0,4,0,0,3,13
대구 금용사,25,7,0,237,66,209,285,162,237,21,12
망경암,10,4,0,222,169,206,285,46,222,20,12
대천한내돌다리,11,1,20,225,59,112,285,9,172,3,12
군위 인각사지,1,0,8,3,3,0,1,0,0,1,12
금룡사,0,0,0,16,14,1,12,0,2,0,12
순천 정혜사,0,0,6,0,3,0,12,0,1,0,12
난계 박연선생 생가,1,1,11,10,5,0,18,0,0,0,11
반곡서원,3,0,0,225,3,119,59,7,17,10,11
존애원,0,0,0,18,0,0,4,0,1,0,11
하강서원,0,0,7,3,0,0,1,0,0,0,11
부산동명불원,8,3,2,225,16,164,285,45,222,0,10
대원군별장,16,2,40,240,18,59,285,22,210,36,10
화순 정암 조광조선생 적려 유허비,0,1,0,56,2,1,38,1,2,0,10
강릉 임영관 삼문,5,0,0,225,130,186,285,0,222,0,10
모평마을,0,0,0,8,7,71,1,17,1,3,10
부여 송국리 유적,0,0,18,0,0,0,0,0,0,0,10
영동 한천정사,0,0,8,48,4,1,35,3,5,0,10
용진정사,0,0,0,13,1,0,3,0,0,1,10
완도 신흥사,3,3,0,240,50,62,257,6,50,3,9
선원사,3,2,0,225,55,56,285,7,149,14,9
바우덕이 묘,0,1,0,10,3,0,18,0,4,3,9
관음사(대구),0,0,20,0,0,0,0,0,0,0,9
용암사,0,0,17,6,3,0,4,0,3,0,9
인천일본제58은행지점,0,0,26,0,0,0,0,0,0,0,9
문수암 (산청),0,0,0,0,0,0,0,0,0,0,9
산청 문수암,1,0,0,40,5,3,32,0,7,0,9
남악서원,0,0,0,225,4,58,19,2,5,2,9
창녕 진양하씨 고택,2,0,0,225,8,23,231,0,41,4,9
원주 영원산성,0,0,1,0,0,0,0,0,0,0,9
서울 남현동 요지,20,1,0,225,26,206,285,63,222,45,8
안동 의성김씨 종택,0,1,13,8,2,0,2,0,1,1,8
경산 임당동과 조영동 고분군,3,0,22,225,5,58,285,2,136,1,8
연흥사,0,0,0,1,0,0,0,0,0,1,8
평강성서유물 박물관,0,0,33,0,0,0,0,0,0,0,8
대구 서봉사,11,8,40,237,97,219,285,238,237,88,7
달성사,17,4,0,222,188,122,285,15,190,6,7
가평향교,2,3,0,225,32,17,258,5,59,14,7
마하사,2,3,20,225,11,69,285,74,175,0,7
삼막사남녀근석,0,1,0,22,4,7,42,3,21,3,7
영주암(부산),0,0,23,0,0,0,0,0,0,0,7
가학동지석묘,2,0,0,225,0,1,46,2,15,18,7
강진 병영마을 옛 담장,1,0,0,32,1,2,22,0,5,1,7
광주 조선백자 요지,0,0,0,50,6,1,41,0,14,1,7
보성사터,18,0,51,225,222,213,284,0,222,139,7
서천사,0,0,15,99,2,2,79,0,9,2,7
원갑사,0,0,0,3,0,0,0,0,0,0,7
천간사,17,0,38,225,55,207,285,47,222,62,7
통일안보공원,1,0,6,25,15,3,30,0,4,5,7
곽재우장군묘소,2,0,1,12,0,0,7,0,1,1,7
정몽주 동상,24,5,53,237,237,227,285,121,237,55,6
양림동 선교사 묘지,10,3,23,225,150,214,270,133,222,13,6
발산리 석등,0,1,20,56,1,2,31,0,3,0,6
파평용연,0,1,2,56,3,1,29,1,3,0,6
창녕 관음사,3,0,20,10,1,0,10,0,0,6,6
영산호국공원,2,0,0,106,6,11,98,3,15,4,6
인천 경서동 녹청자 요지,22,0,20,225,3,17,231,0,51,0,6
부산좌수영성지푸조나무,0,0,24,0,0,0,0,0,0,0,6
장안사대웅전,0,0,4,0,0,0,0,0,0,0,6
현암사,22,5,0,222,222,214,285,106,222,57,5
용산성당,15,3,0,225,84,215,285,58,222,76,5
인천통일관,30,3,22,225,111,199,285,110,222,4,5
청주 충청도병마절도사영문,7,2,20,225,81,143,285,69,222,1,5
강화산성,6,1,0,225,14,36,285,3,83,0,5
남선창고터,0,0,22,0,0,0,0,0,0,0,5
불회사(나주),0,0,10,0,0,0,0,0,0,0,5
용암서원,1,0,15,12,1,1,13,1,1,2,5
군산 개정면 구 일본인농장 창고,0,0,0,46,1,1,22,0,3,0,5
삼청동오위장김춘영가옥,19,0,50,225,222,207,285,0,222,160,5
울진 봉평리 신라비,1,0,0,42,26,8,74,0,9,3,5
청주 무농정,0,0,20,0,0,0,0,0,0,0,5
태교사,0,0,0,0,3,0,0,0,2,1,5
단양 온달산성,0,0,15,0,0,0,0,0,0,0,5
대한불교조계종망해사,0,0,18,3,2,0,19,1,0,1,5
부산 성암사,0,0,22,0,0,0,0,0,0,0,5
여수 타루비,7,6,0,222,178,152,285,29,210,10,4
연천전곡리유적토층전시관,4,3,20,240,35,30,271,18,63,2,4
운천사마애여래좌상,15,2,0,224,76,200,285,67,222,8,4
내소사,0,1,0,6,12,0,9,0,2,3,4
학소암,11,1,0,225,2,46,285,2,76,2,4
경원선 철도중단점,0,0,8,3,1,0,7,0,0,1,4
완주송광사대웅전,0,0,20,0,0,0,0,0,0,0,4
충렬사,2,0,40,92,26,4,100,0,22,0,4
동국사,2,0,20,126,2,1,62,0,34,0,4
낙빈서원,0,0,0,18,0,0,3,0,0,2,4
보타사,0,0,6,10,0,0,0,0,0,0,4
용강서원,1,0,0,5,12,0,10,0,3,3,4
홍승인고가,0,0,0,105,1,0,50,0,2,0,4
승동교회,25,43,60,237,237,226,285,240,237,164,3
고령 대가야유적지,1,3,14,225,5,13,163,8,40,7,3
나주향교,2,3,0,225,14,25,285,8,68,0,3
안동 장승공원,1,2,10,13,26,0,22,0,4,6,3
대한민국 수준원점,43,1,0,240,59,224,285,105,237,3,3
서울 구 벨기에영사관,27,1,50,240,31,222,285,70,237,50,3
강성서원,0,0,17,6,0,0,4,0,2,0,3
울진 평해황씨 해월종택,0,0,5,3,9,0,2,0,1,0,3
정읍화호리구일본인 농장 가옥,0,0,20,10,0,0,3,0,1,0,3
봉국사,10,0,28,225,93,199,285,26,222,0,3
인천도호부청사,43,0,0,225,4,213,285,0,222,10,3
자산서원,0,0,0,0,2,0,0,0,0,0,3
조령민속공예촌,0,0,2,0,0,0,0,0,0,0,3
장산서원,0,0,1,3,3,0,13,0,2,1,3
관수옥과 초량왜관 터,2,9,28,237,237,208,285,220,237,1,2
석왕사,8,3,21,225,59,119,285,23,222,15,2
제물포구락부,11,2,0,224,53,137,285,222,222,23,2
용화사,20,1,40,420,8,73,570,7,142,10,2
이충무공자당기거지,7,1,20,225,10,59,285,22,88,2,2
대승사(문경),0,0,2,0,0,0,0,0,0,0,2
삼가향교,1,0,20,66,1,3,53,1,9,7,2
낙동서원,25,0,0,225,7,187,285,0,222,0,2
연주암,0,0,0,100,1,0,3,0,6,4,2
정읍 전봉준 유적,0,0,0,3,0,0,0,0,0,1,2
풍계서원,0,0,20,1,1,0,0,0,0,0,2
향산사(무주),0,0,20,0,0,0,0,0,0,0,2
대조사,17,6,0,222,167,211,285,97,222,56,1
학산서원,19,3,20,222,64,122,285,60,222,9,1
예림서원,21,2,0,225,7,137,285,16,222,44,1
남도한옥민박마을,0,1,11,21,41,3,43,0,3,2,1
정혜사,0,1,11,3,12,0,12,1,3,3,1
용화사,20,1,40,420,8,73,570,7,142,10,1
이응로선생사적지,0,1,9,24,5,0,43,1,7,3,1
고성 문암리 유적,0,0,20,0,0,0,0,0,0,0,1
관음사(무주),0,0,20,0,0,0,0,0,0,0,1
태종사,5,0,20,240,1,4,45,0,14,2,1
남원 흥부마을,0,0,9,5,1,0,0,2,0,0,1
대구 구 동촌역사,4,0,23,225,44,79,285,0,160,42,1
무안 발산마을미륵당산,1,0,0,15,0,0,4,0,1,0,1
무안 유교리고가,0,0,18,40,0,3,19,0,1,0,1
송암사,8,0,21,225,29,103,284,14,118,0,1
천보사,25,0,0,225,16,212,285,36,222,53,1
호명사,42,0,0,225,130,205,285,51,222,5,1
양송천묘역,0,0,8,17,1,0,0,0,0,0,1
경희궁 숭정전,24,31,0,222,222,208,285,224,222,123,0
연미사,26,30,58,223,222,204,285,222,222,163,0
수원사,23,9,0,222,222,208,285,75,222,28,0
부산자유회관,3,6,0,222,201,205,285,188,222,0,0
목포 오포대,15,5,20,222,173,90,285,17,165,3,0
5.18 민주광장,7,3,25,225,167,207,270,130,222,8,0
보경사,0,3,9,14,16,0,6,1,2,3,0
성화사,8,3,47,240,9,48,285,16,162,16,0
왕인박사마을,0,3,10,17,23,0,19,4,4,3,0
동축사,6,3,0,223,3,17,201,5,33,0,0
선운사 백파율사비,0,3,1,5,13,2,22,1,5,3,0
신원사,11,3,24,225,146,201,285,134,222,0,0
약사암,5,3,0,223,45,77,285,25,117,1,0
은하사,40,3,41,225,89,224,285,222,222,47,0
홍련암,0,3,4,1,8,0,6,0,3,2,0
태백산 천제단,0,2,20,0,0,0,0,0,0,0,0
홍유사,38,2,48,240,130,223,285,66,237,56,0
가산서원,1,2,18,225,5,216,1,123,0,122,0
금강대도,1,2,18,28,0,0,15,17,4,2,0
사교루,3,2,26,224,3,4,79,12,47,4,0
의열사,6,2,0,224,40,35,285,16,61,21,0
무위사,2,1,20,200,2,15,170,9,29,2,0
서삼릉희릉,10,1,36,240,3,20,203,3,105,0,0
울주 천전리 각석,1,1,4,2,6,0,0,1,0,3,0
1.21 무장공비 침투로,0,1,0,1,0,0,0,0,0,0,0
척판암,0,1,12,5,0,0,12,1,1,3,0
금탑사,1,1,0,0,0,0,0,0,0,0,0
미타사,4,1,0,233,48,83,288,7,120,9,0
백련암,0,1,0,1,6,0,0,0,1,0,0
승가사,3,1,0,62,0,1,13,3,7,3,0
은적사,8,1,8,450,49,154,478,43,235,10,0
태화루,2,1,0,225,14,30,228,4,39,3,0
통영 한산도 이충무공 유적,0,1,0,3,6,0,2,0,0,2,0
천주교대구대교구한티순교성지,0,1,5,2,8,0,22,2,3,2,0
다솔사응진전,0,0,13,3,2,0,2,0,2,0,0
단양 향산리 삼층석탑,2,0,11,10,37,0,6,0,0,0,0
대원사(보성),0,0,20,0,0,0,0,0,0,0,0
사우정고택,0,0,9,3,1,0,0,0,1,1,0
애은당고택,0,0,10,0,0,0,0,0,0,0,0
월정리역,1,0,0,0,0,0,0,0,0,0,0
창원정씨종가,0,0,20,3,0,0,1,0,0,0,0
천진암 성지,0,0,2,5,8,0,4,0,3,8,0
청양 다락골 줄무덤 성지,0,0,20,3,1,0,1,0,0,2,0
칠탄서원,0,0,3,18,2,0,13,1,4,2,0
팔용산 돌탑,10,0,0,240,117,210,243,25,195,0,0
대견사,0,0,0,0,0,0,0,0,0,0,0
김포장릉,31,0,21,240,11,92,285,32,237,2,0
충주청룡사,0,0,4,5,0,0,0,0,1,0,0
서도중앙교회,0,0,0,0,0,0,0,0,0,0,0
강릉 굴산사지,0,0,0,33,4,0,17,0,5,0,0
구암사,1,0,14,47,3,14,69,1,7,2,0
김포 수안산성,1,0,14,225,0,5,136,2,17,0,0
대광사,0,0,0,47,2,0,285,1,177,2,0
대성사,3,0,35,208,101,9,172,1,21,7,0
두타산성,0,0,0,6,0,0,0,0,0,0,0
모충사,1,0,0,68,5,2,50,0,9,0,0
미륵사,0,0,0,19,2,3,9,0,2,0,0
백산서원,0,0,0,7,1,0,2,0,0,0,0
성주 성산동 고분군,2,0,0,161,6,9,0,1,18,1,0
아산 이충무공 유허,0,0,20,41,1,1,27,1,4,5,0
안흥사,33,0,0,225,38,216,285,31,222,36,0
약사사,42,0,0,450,12,116,570,26,270,44,0
양양동해신묘지,1,0,0,58,113,5,103,1,12,4,0
위봉사,0,0,7,1,5,0,7,0,3,1,0
정수사,0,0,1,3,0,0,0,0,1,0,0
진도 용장성,0,0,0,3,1,0,0,0,0,1,0
하남 동사지,1,0,0,225,0,1,89,0,30,3,0
한재당,1,0,0,43,1,0,8,0,0,0,0
행계서원,1,0,0,0,1,0,0,0,0,0,0
현등사(가평),0,0,18,0,0,0,0,0,0,0,0
화순광산이씨승지공비,0,0,0,6,0,0,8,0,2,0,0
흥천사,0,0,20,44,3,0,17,0,3,3,0
고창 용화사,1,0,14,2,0,0,0,0,0,0,0
광명 영회원,0,0,2,0,0,0,0,0,0,0,0
김상옥 생가,0,0,20,0,0,0,0,0,0,0,0
망이산성,0,0,8,11,6,0,16,0,1,0,0
영월 정양산성,0,0,1,0,0,0,0,0,0,0,0
전주이씨광평대군묘역영순군묘,21,0,1,225,10,83,285,28,222,33,0
화암사,0,0,1,5,12,0,8,0,0,1,0
